"security_id","symbol","name","series","tick_size","lot_size","instrument_type","segment","exchange","upper_limit","lower_limit","expiry_date","strike_price","freeze_quantity"
"19084","ITBEES","Nippon India Nifty IT ETF","EQ","1.0000","1","ETF","E","NSE","53.8000","35.8700","","","2228894"
"11319","LICNETFN50","LIC Nifty ETF","EQ","1.0000","1","ETF","E","NSE","340.3200","226.8800","","","349988"
"6353","NIFTYETF","Mirae Asset Nifty 50 ETF","EQ","1.0000","1","ETF","E","NSE","329.7800","219.8500","","","361067"
"18284","HNGSNGBEES","Nippon India Hang Sen ETF","EQ","1.0000","1","ETF","E","NSE","390.7500","260.5000","","","340550"
"22243","EBBETF0425","Edelweiss BHARAT Bond ETF","EQ","1.0000","1","ETF","E","NSE","1491.2400","994.1600","","","80580"
"10576","NIFTYBEES","Nippon India Nifty Bees ETF","EQ","1.0000","1","ETF","E","NSE","345.3300","230.2200","","","344308"
"17700","LTGILTBEES","Nippon Long Term Gilt ETF","EQ","1.0000","1","ETF","E","NSE","32.2200","21.4800","","","3725310"
"590095","GOLDBEES","Nippon India Gold Bees ETF","E","1.0000","1","ETF","E","BSE","75.9800","50.6500","","","-1"
"11441","LICNETFSEN","LIC Sensex ETF","EQ","1.0000","1","ETF","E","NSE","1120.5600","747.0400","","","105979"
"19289","MOM50","Motilal Oswal M50 ETF","EQ","1.0000","1","ETF","E","NSE","317.4100","211.6000","","","57213"
"11457","NV20","Kotak NV 20 ETF","EQ","1.0000","1","ETF","E","NSE","197.7300","131.8200","","","149804"
"7361","SETFNIFBK","SBI Nifty Bank ETF","EQ","1.0000","1","ETF","E","NSE","647.1300","431.4200","","","181557"
"2636","DIVOPPBEES","Nip ETF Div Opportunities","EQ","1.0000","1","ETF","E","NSE","106.2900","70.8600","","","271820"
"1927","LIQUIDETF","DSP Liquid ETF","EQ","1.0000","1","ETF","E","NSE","1200.0000","800.0000","","","99992"
"22440","UTIBANKETF","UTI Bank ETF","EQ","1.0000","1","ETF","E","NSE","65.1100","43.4000","","","1804389"
"19679","GOLDIETF","ICICI Prudential Gold ETF","EQ","1.0000","1","ETF","E","NSE","78.2700","52.1800","","","1533362"
"15229","LICNFNHGP","LIC Nifty 100 ETF","EQ","1.0000","1","ETF","E","NSE","347.9700","231.9800","","","342777"
"590097","GOLD1","Kotak Mahindra Gold ETF","E","1.0000","1","ETF","E","BSE","76.4200","50.9500","","","-1"
"29577","NIF100BEES","Nippon India Nifty 100 ETF","EQ","1.0000","1","ETF","E","NSE","338.3800","225.5900","","","313487"
"25640","LICMFGOLD","IDBI Gold ETF","EQ","5.0000","1","ETF","E","NSE","8248.5500","5499.0500","","","6440"
"590113","HNGSNGBEES","Nippon India Hang Sen ETF","E","1.0000","1","ETF","E","BSE","390.7500","260.5000","","","-1"
"17181","NEXT50","Mirae Asset Nifty Next 50 ETF","EQ","1.0000","1","ETF","E","NSE","939.7900","626.5200","","","127739"
"29553","NIFTYIETF","ICICI Prudential Nifty India","EQ","1.0000","1","ETF","E","NSE","343.5000","229.0000","","","346629"
"11591","HDFCNIFTY","HDFCNIFTY","EQ","1.0000","1","ETF","E","NSE","341.7100","227.8000","","","348528"
"18292","IVZINGOLD","Invesco India Gold ETF","EQ","5.0000","1","ETF","E","NSE","7976.9000","5318.0000","","","6184"
"17044","SHARIABEES","Nippon India Shariah ETF","EQ","1.0000","1","ETF","E","NSE","714.8100","476.5400","","","13489"
"12978","NPBET","Tata Private Bank ETF","EQ","1.0000","1","ETF","E","NSE","327.8000","218.5300","","","12058"
"5851","BANKNIFTY1","Kotak Banking ETF","EQ","1.0000","1","ETF","E","NSE","653.7300","435.8200","","","179680"
"7218","SBIETFQLTY","SBI Quality ETF","EQ","1.0000","1","ETF","E","NSE","298.7100","199.1400","","","67920"
"533244","GOLDIETF","ICICI Prudential Gold ETF","E","1.0000","1","ETF","E","BSE","78.2700","52.1800","","","-1"
"21252","AXISNIFTY","Axis Nifty ETF","EQ","1.0000","1","ETF","E","NSE","335.6100","223.7400","","","354855"
"9847","NV20BEES","Nippon India Nv20 ETF","EQ","1.0000","1","ETF","E","NSE","198.5700","132.3800","","","351033"
"15061","PSUBANK","Kotak Mahindra PSU Bank ETF","EQ","1.0000","1","ETF","E","NSE","809.3200","539.5500","","","148690"
"6062","LICNETFGSC","LIC MF G-SEC Long Term ETF","EQ","1.0000","1","ETF","E","NSE","31.7200","21.1500","","","3783238"
"10176","SETFNIF50","SBI Nifty 50 ETF","EQ","1.0000","1","ETF","E","NSE","326.4400","217.6300","","","364517"
"522","ICICIB22","ICICI Bharat 22 ETF","EQ","1.0000","1","ETF","E","NSE","144.1400","96.0900","","","834855"
"533570","AXISGOLD","Axis Gold ETF","E","1.0000","1","ETF","E","BSE","76.3800","50.9200","","","-1"
"4378","SENSEXIETF","ICICI Prudential Sensex ETF","EQ","1.0000","1","ETF","E","NSE","1139.1300","759.4200","","","104232"
"7353","SETFNN50","SBI Nifty Next 50 ETF","EQ","1.0000","1","ETF","E","NSE","975.8800","650.5900","","","18230"
"17395","SETF10GILT","SBI 10 year Gilt ETF","EQ","1.0000","1","ETF","E","NSE","287.8900","191.9200","","","45408"
"533172","IVZINGOLD","Invesco India Gold ETF","E","1.0000","1","ETF","E","BSE","7976.9100","5317.9400","","","-1"
"533719","LICMFGOLD","IDBI Gold ETF","E","1.0000","1","ETF","E","BSE","8248.5300","5499.0200","","","-1"
"15032","PSUBNKBEES","Nippon India PSU Bank ETF","EQ","1.0000","1","ETF","E","NSE","90.2800","60.1900","","","1332749"
"11439","BANKBEES","Nippon India Bank Bees ETF","EQ","1.0000","1","ETF","E","NSE","652.6200","435.0800","","","179980"
"18783","IDFNIFTYET","IDFC Nifty ETF","EQ","1.0000","1","ETF","E","NSE","335.2800","223.5200","","","4672"
"10515","UTISENSETF","UTI Sensex ETF","EQ","1.0000","1","ETF","E","NSE","1097.9400","731.9600","","","107940"
"14535","GOLDSHARE","UTI Gold ETF","EQ","5.0000","1","ETF","E","NSE","76.8000","51.2000","","","1564804"
"16253","EBBETF0430","Bharat Bond ETF - April 2030","EQ","1.0000","1","ETF","E","NSE","1702.8600","1135.2400","","","70561"
"533385","MON100","Motilal Oswal Nasdaq ETF","E","1.0000","1","ETF","E","BSE","196.9600","131.3100","","","-1"
"21423","MOM100","Motilal Oswal M100 ETF","EQ","1.0000","1","ETF","E","NSE","77.2200","51.4800","","","1545795"
"7838","NETF","Tata Nifty ETF","EQ","1.0000","1","ETF","E","NSE","330.2700","220.1800","","","360581"
"20532","AXISGOLD","Axis Gold ETF","EQ","1.0000","1","ETF","E","NSE","76.3800","50.9200","","","1571324"
"24217","IVZINNIFTY","Invesco India Nifty ETF","EQ","1.0000","1","ETF","E","NSE","3480.3400","2320.2300","","","10681"
"9168","UTISXN50","UTI Sensex Next 50 ETF","EQ","1.0000","1","ETF","E","NSE","112.9900","75.3200","","","77334"
"14428","GOLDBEES","Nippon India Gold Bees ETF","EQ","1.0000","1","ETF","E","NSE","75.9800","50.6500","","","1578285"
"590101","GOLDSHARE","UTI Gold ETF","E","1.0000","1","ETF","E","BSE","76.7700","51.1800","","","-1"
"10939","JUNIORBEES","Nippon India Junior Bees ETF","EQ","1.0000","1","ETF","E","NSE","985.2200","656.8100","","","122628"
"18102","NIFTY1","Kotak Nifty ETF","EQ","1.0000","1","ETF","E","NSE","336.3100","224.2000","","","354057"
"16819","QNIFTY","Quantum Nifty ETF","EQ","1.0000","1","ETF","E","NSE","3340.5400","2227.0300","","","7295"
"2328","CPSEETF","CPSE ETF","EQ","1.0000","1","ETF","E","NSE","121.8100","81.2000","","","980675"
"14858","GOLD1","Kotak Mahindra Gold ETF","EQ","1.0000","1","ETF","E","NSE","76.4200","50.9500","","","1570039"
"4838","LIQUIDIETF","ICICI Liquid ETF","EQ","1.0000","1","ETF","E","NSE","1200.0000","800.0000","","","99997"
"22739","MON100","Motilal Oswal Nasdaq ETF","EQ","1.0000","1","ETF","E","NSE","196.9600","131.3100","","","613221"
"22239","EBBETF0431","Bharat Bond ETF April 2031","EQ","1.0000","1","ETF","E","NSE","1525.5300","1017.0200","","","78703"
"8506","MID150BEES","Nippon Nifty Midcap 150 ETF","EQ","1.0000","1","ETF","E","NSE","274.9500","183.3000","","","435397"
"2435","CONSUMBEES","Nippo India Consumption ETF","EQ","1.0000","1","ETF","E","NSE","169.6900","113.1200","","","254245"
"4529","NEXT50IETF","ICICI Next 50 ETF","EQ","1.0000","1","ETF","E","NSE","96.1400","64.0900","","","1256809"
"722","SBIETFPB","SBI Private Bank ETF","EQ","1.0000","1","ETF","E","NSE","322.5800","215.0500","","","26907"
"740","SBIETFIT","SBI IT ETF","EQ","1.0000","1","ETF","E","NSE","537.1800","358.1200","","","18832"
"1044","AXISBNKETF","Axis Banking ETF","EQ","1.0000","1","ETF","E","NSE","649.6800","433.1200","","","164423"
"1200","ESG","Mirae ESG Sector Leaders ETF","EQ","1.0000","1","ETF","E","NSE","52.5200","35.0100","","","977345"
"1507","MOGSEC","Motilal Oswal 5 yr GSec ETF","EQ","1.0000","1","ETF","E","NSE","69.2000","46.1300","","","534648"
"533230","HDFCGOLD","HDFCGOLD","E","1.0000","1","ETF","E","BSE","78.2500","52.1600","","","-1"
"19543","HDFCGOLD","HDFCGOLD","EQ","1.0000","1","ETF","E","NSE","78.2500","52.1600","","","1533858"
"2627","IT","Kotak IT ETF","EQ","1.0000","1","ETF","E","NSE","53.5000","35.6700","","","1440860"
"21478","UTINEXT50","UTI Next 50 ETF","EQ","1.0000","1","ETF","E","NSE","98.1900","65.4600","","","1230322"
"3010","AXISTECETF","Axis Technology ETF","EQ","1.0000","1","ETF","E","NSE","533.8000","355.8700","","","128041"
"3022","SDL26BEES","Nippon Nifty 2026 Maturity ETF","EQ","1.0000","1","ETF","E","NSE","149.6400","99.7600","","","802743"
"3172","GILT5YBEES","Nippon 5 Year Gilt ETF","EQ","1.0000","1","ETF","E","NSE","69.6700","46.4400","","","1041663"
"11006","LIQUIDBEES","Nippon LiquidBees ETF","EQ","1.0000","1","ETF","E","NSE","1050.0000","950.0000","","","99927"
"3507","MAFANG","Mirae Asset FANG+ETF","EQ","1.0000","1","ETF","E","NSE","113.3800","75.5900","","","1056552"
"3530","AXISBPSETF","Axis Bond Plus ETF","EQ","1.0000","1","ETF","E","NSE","14.4900","9.6600","","","8290639"
"3608","AXISHCETF","Axis Healthcare ETF","EQ","1.0000","1","ETF","E","NSE","179.4700","119.6400","","","47563"
"3626","HEALTHIETF","ICICI Prud HealthCare ETF","EQ","1.0000","1","ETF","E","NSE","180.2500","120.1600","","","322787"
"4973","PHARMABEES","Nippon Nifty Pharma","EQ","1.0000","1","ETF","E","NSE","28.4700","18.9800","","","4219349"
"5168","SBIETFCON","SBI Consumption ETF","EQ","1.0000","1","ETF","E","NSE","157.1700","104.7800","","","68774"
"5220","BFSI","Mirae Nifty Fin Serv ETF","EQ","1.0000","1","ETF","E","NSE","30.0900","20.0600","","","3786309"
"5732","AXISCETF","Axis Consumption ETF","EQ","1.0000","1","ETF","E","NSE","156.9700","104.6400","","","34479"
"5782","MASPTOP50","Mirae Asset S&P 500 Top 50 ETF","EQ","1.0000","1","ETF","E","NSE","53.5800","35.7200","","","2256823"
"6297","HEALTHY","ABSL Nifty Healthcare ETF","EQ","1.0000","1","ETF","E","NSE","18.0900","12.0600","","","858848"
"3001","BSE500IETF","ICICI BSE 500 ETF","EQ","1.0000","1","ETF","E","NSE","48.9200","32.6100","","","2427155"
"6446","CONSUMIETF","ICICI Prud Consumption ETF","EQ","1.0000","1","ETF","E","NSE","157.5900","105.0600","","","128431"
"6462","TECH","Aditya Birla Nifty IT ETF","EQ","1.0000","1","ETF","E","NSE","52.5300","35.0200","","","373917"
"6606","EQUAL50ADD","DSP Nifty 50 Eq Weight ETF","EQ","1.0000","1","ETF","E","NSE","411.1900","274.1200","","","210148"
"13987","ABSLBANETF","Aditya Birla Banking ETF","EQ","1.0000","1","ETF","E","NSE","64.5600","43.0400","","","1819808"
"24781","BSLNIFTY","Aditya Birla Sun Life Nifty 50 ETF","EQ","1.0000","1","ETF","E","NSE","35.5200","23.6800","","","3352000"
"23804","BSLGOLDETF","Aditya Birla Sun Life Gold ETF","EQ","1.0000","1","ETF","E","NSE","80.3600","53.5700","","","1493307"
"5957","BSLSENETFG","Aditya Birla Sensex ETF","EQ","1.0000","1","ETF","E","NSE","99.9000","66.6000","","","1188898"
"533408","BSLGOLDETF","Aditya Birla Sun Life Gold ETF","E","1.0000","1","ETF","E","BSE","80.3600","53.5700","","","-1"
"7339","ABSLNN50ET","Aditya Birla Sun Life Nifty Next 50 ETF","EQ","1.0000","1","ETF","E","NSE","95.8000","63.8700","","","245748"
"7074","MAHKTECH","Mirae Hang Seng Tech ETF","EQ","1.0000","1","ETF","E","NSE","20.5400","13.6900","","","6308216"
"7196","BBETF0432","Bharat Bond April 2032 ETF","EQ","1.0000","1","ETF","E","NSE","1434.2500","956.1600","","","83770"
"590099","QGOLDHALF","Quantum Gold ETF","E","1.0000","1","ETF","E","BSE","76.0900","50.7200","","","-1"
"15330","QGOLDHALF","Quantum Gold ETF","EQ","1.0000","1","ETF","E","NSE","76.0900","50.7200","","","1151037"
"7422","MONQ50","Motilal Oswal Nasdaq Q 50 ETF","EQ","1.0000","1","ETF","E","NSE","80.1000","53.4000","","","303292"
"7412","ALPHA","Kotak Nifty Alpha 50 ETF","EQ","1.0000","1","ETF","E","NSE","69.6600","46.4400","","","1709671"
"7451","NIFTY50ADD","DSP Nifty 50 ETF","EQ","1.0000","1","ETF","E","NSE","319.3800","212.9200","","","372897"
"7456","MIDQ50ADD","DSP Nifty Midcap 150 ETF","EQ","1.0000","1","ETF","E","NSE","317.0200","211.3500","","","126923"
"590098","SETFGOLD","SBI Gold ETF","E","1.0000","1","ETF","E","BSE","78.2200","52.1500","","","-1"
"17272","SETFGOLD","SBI Gold ETF","EQ","1.0000","1","ETF","E","NSE","78.2200","52.1500","","","1533862"
"7880","AUTOBEES","NIPPONAMC - NETFAUTO","EQ","1.0000","1","ETF","E","NSE","330.9300","220.6200","","","280483"
"543452","SILVERIETF","ICICI Prudential Silver ETF","E","1.0000","1","ETF","E","BSE","108.8800","72.5900","","","-1"
"7942","SILVERIETF","ICICI Prudential Silver ETF","EQ","1.0000","1","ETF","E","NSE","108.8800","72.5900","","","1090440"
"7979","MAKEINDIA","MIRAEAMC - MAMFGETF","EQ","1.0000","1","ETF","E","NSE","189.6600","126.4400","","","460913"
"8003","SILVER","BIRLASLAMC - SILVER","EQ","1.0000","1","ETF","E","NSE","108.9400","72.6300","","","1090127"
"8077","MIDCAP","KOTAKMAMC - KOTAKMID50","EQ","1.0000","1","ETF","E","NSE","205.5600","137.0400","","","74108"
"8080","SILVERBEES","NIPPONAMC - NETFSILVER","EQ","1.0000","1","ETF","E","NSE","104.9500","69.9600","","","1131309"
"543471","SILVER","Aditya Birla Sun Life Mutual F","E","1.0000","1","ETF","E","BSE","108.9400","72.6300","","","-1"
"8342","GSEC5IETF","ICICIPRAMC - ICICI5GSEC","EQ","1.0000","1","ETF","E","NSE","69.7500","46.5000","","","448278"
"8413","MIDCAPETF","Mirae Nifty Midcap 150 ETF","EQ","1.0000","1","ETF","E","NSE","27.0900","18.0600","","","4416797"
"8632","LOWVOL1","KOTAKMAMC - KOTAKLOVOL","EQ","1.0000","1","ETF","E","NSE","26.5200","17.6800","","","2354682"
"8882","TNIDETF","TATAAML - TNIDETF","EQ","1.0000","1","ETF","E","NSE","116.9800","77.9900","","","449485"
"10512","CONS","KOTAKMAMC - KOTAKCONS","EQ","1.0000","1","ETF","E","NSE","156.0900","104.0600","","","6221"
"10508","MOHEALTH","MOTILALAMC - MOHEALTH","EQ","1.0000","1","ETF","E","NSE","53.5400","35.6900","","","148473"
"10585","MOM30IETF","ICICIPRAMC - ICICIMOM30","EQ","1.0000","1","ETF","E","NSE","45.9200","30.6100","","","2620478"
"8654","MOLOWVOL","MOTILALAMC - MOLOWVOL","EQ","1.0000","1","ETF","E","NSE","48.6900","32.4600","","","687162"
"8182","MOMOMENTUM","MOTILALAMC - MOMOMENTUM","EQ","1.0000","1","ETF","E","NSE","91.4000","60.9300","","","436380"
"10676","MNC","KOTAKMAMC - KOTAKMNC","EQ","1.0000","1","ETF","E","NSE","39.5800","26.3900","","","255237"
"10690","NIFTYQLITY","BIRLASLAMC - NIFTYQLITY","EQ","1.0000","1","ETF","E","NSE","28.6000","19.0700","","","698151"
"10693","MOMENTUM","BIRLASLAMC - MOMENTUM","EQ","1.0000","1","ETF","E","NSE","45.6200","30.4100","","","602127"
"10723","INFRAIETF","ICICIPRAMC - ICICIINFRA","EQ","1.0000","1","ETF","E","NSE","117.5700","78.3800","","","408946"
"543572","SILVERADD","DSP Mutual Fund","E","1.0000","1","ETF","E","BSE","105.3000","70.2000","","","-1"
"10761","SILVERADD","DSPAMC - DSPSILVETF","EQ","1.0000","1","ETF","E","NSE","105.3000","70.2000","","","863195"
"10822","MOQUALITY","MOTILALAMC - MOQUALITY","EQ","1.0000","1","ETF","E","NSE","260.4700","173.6400","","","28626"
"10825","MOVALUE","MOTILALAMC - MOVALUE","EQ","1.0000","1","ETF","E","NSE","133.2800","88.8500","","","409307"
"11037","BANKIETF","ICICI Prudential Banking ETF","EQ","1.0000","1","ETF","E","NSE","64.6500","43.1000","","","1817271"
"22365","ITIETF","ICICI Prudential IT ETF","EQ","1.0000","1","ETF","E","NSE","53.7300","35.8200","","","2232050"
"10876","HDFCSILVER","HDFCAMC - HDFCSILVER","EQ","1.0000","1","ETF","E","NSE","104.9800","69.9900","","","1127362"
"543592","HDFCSILVER","HDFC Mutual Fund","E","1.0000","1","ETF","E","BSE","104.9800","69.9900","","","-1"
"11193","AXISILVER","AXISAMC - AXISILVER","EQ","1.0000","1","ETF","E","NSE","108.7300","72.4800","","","486471"
"11241","HDFCGROWTH","HDFCAMC - HDFCGROWTH","EQ","1.0000","1","ETF","E","NSE","157.3800","104.9200","","","29556"
"11260","HDFCVALUE","HDFCAMC - HDFCVALUE","EQ","1.0000","1","ETF","E","NSE","178.4100","118.9400","","","75411"
"11255","HDFCQUAL","HDFCAMC - HDFCQUAL","EQ","1.0000","1","ETF","E","NSE","76.4700","50.9800","","","75595"
"12578","FINIETF","ICICIPRAMC-ICICIFIN","EQ","1.0000","1","ETF","E","NSE","33.8600","22.5700","","","1097546"
"13082","SILVER1","KOTAKMAMC - KOTAKSILVE","EQ","1.0000","1","ETF","E","NSE","106.0500","70.7000","","","1119813"
"13139","EBBETF0433","EDELAMC - EBBETF0433","EQ","1.0000","1","ETF","E","NSE","1397.1300","931.4200","","","86148"
"13143","GSEC10IETF","ICICIPRAMC - ICICI10GS","EQ","1.0000","1","ETF","E","NSE","287.7000","191.8000","","","417148"
"13198","COMMOIETF","ICICIPRAMC - ICICICOMMO","EQ","1.0000","1","ETF","E","NSE","118.7000","79.1300","","","144392"
"13644","BANKETFADD","DSPAMC - DSPBANKETF","EQ","1.0000","1","ETF","E","NSE","64.4700","42.9800","","","1822116"
"13950","LIQUID1","KOTAKMAMC - KOTAKLIQ","EQ","1.0000","1","ETF","E","NSE","1213.1200","808.7500","","","98999"
"14230","HDFCBSE500","HDFCAMC - HDFCBSE500","EQ","1.0000","1","ETF","E","NSE","46.5000","31.0000","","","122897"
"14233","HDFCSML250","HDFCAMC - HDFCSML250","EQ","1.0000","1","ETF","E","NSE","221.7800","147.8500","","","537618"
"14286","GOLDETF","MIRAEAMC - MAGOLDETF","EQ","1.0000","1","ETF","E","NSE","89.1000","59.4000","","","1347113"
"543781","GOLDETF","Mirae Asset Mutual Fund","E","1.0000","1","ETF","E","BSE","89.1000","59.4000","","","-1"
"14518","ABSLLIQUID","BIRLASLAMC - ABSLLIQUID","EQ","1.0000","1","ETF","E","NSE","1200.0000","800.0000","","","13878"
"14584","PSUBNKIETF","ICICIPRAMC - PSUBANKICI","EQ","1.0000","1","ETF","E","NSE","81.8400","54.5600","","","391954"
"14742","AXSENSEX","AXISAMC - AXSENSEX","EQ","1.0000","1","ETF","E","NSE","102.8100","68.5400","","","513396"
"14786","LOWVOL","MIRAEAMC - MANV30F","EQ","1.0000","1","ETF","E","NSE","260.5200","173.6800","","","17763"
"14938","GSEC10YEAR","MIRAEAMC - MAGS813ETF","EQ","1.0000","1","ETF","E","NSE","32.6500","21.7600","","","1035383"
"15085","SILVERETF","UTIAMC - SILVERETF","EQ","1.0000","1","ETF","E","NSE","106.2700","70.8400","","","459533"
"543900","SILVERETF","UTI Mutual Fund","E","1.0000","1","ETF","E","BSE","106.2700","70.8400","","","-1"
"15356","GOLDETFADD","DSPAMC - DSPGOLDETF","EQ","1.0000","1","ETF","E","NSE","89.0000","59.3300","","","1348361"
"543903","GOLDETFADD","DSP Mutual Fund","E","1.0000","1","ETF","E","BSE","89.0000","59.3300","","","-1"
"16777","SILVRETF","MIRAEAMC - MASILVER","EQ","1.0000","1","ETF","E","NSE","106.5400","71.0300","","","309114"
"543922","SILVRETF","Mirae Asset Mutual Fund","E","1.0000","1","ETF","E","BSE","106.5400","71.0300","","","-1"
"17207","ITETFADD","DSPAMC - DSPITETF","EQ","1.0000","1","ETF","E","NSE","51.2100","34.1400","","","320291"
"17419","BANKETF","MIRAEAMC - BANKETF","EQ","1.0000","1","ETF","E","NSE","641.0200","427.3500","","","82016"
"17572","LIQUID","MIRAEAMC - LIQUID","EQ","1.0000","1","ETF","E","NSE","1200.0000","800.0000","","","19621"
"17616","PSUBANKADD","DSPAMC - DSPPSBKETF","EQ","1.0000","1","ETF","E","NSE","81.2100","54.1400","","","88194"
"17576","PVTBANKADD","DSPAMC - DSPPVBKETF","EQ","1.0000","1","ETF","E","NSE","32.0600","21.3700","","","2465217"
"17613","SENSEXADD","DSPAMC - DSPSENXETF","EQ","1.0000","1","ETF","E","NSE","102.3000","68.2000","","","31312"
"18279","HDFCLIQUID","HDFCAMC - HDFCLIQUID","EQ","1.0000","1","ETF","E","NSE","1200.0000","800.0000","","","7718"
"18347","NIFMID150","UTIAMC - NIFMID150","EQ","1.0000","1","ETF","E","NSE","268.5100","179.0000","","","9379"
"18668","NAVINIFTY","NAVIAMC - NAVINIFTY","EQ","1.0000","1","ETF","E","NSE","312.6200","208.4100","","","9560"
"10511","UTINIFTETF","UTI Nifty ETF","EQ","1.0000","1","ETF","E","NSE","336.0400","224.0300","","","354327"
"19237","MONIFTY500","MOTILALAMC - MONIFTY500","EQ","1.0000","1","ETF","E","NSE","29.3100","19.5400","","","990808"
"19224","SENSEXETF","MIRAEAMC - SENSEXETF","EQ","1.0000","1","ETF","E","NSE","102.2800","68.1900","","","43984"
"10633","HDFCNIF100","HDFCAMC - HDFCNIF100","EQ","1.0000","1","ETF","E","NSE","32.8600","21.9100","","","624150"
"14236","HDFCMID150","HDFCAMC - HDFCMID150","EQ","1.0000","1","ETF","E","NSE","26.9200","17.9500","","","1477639"
"11538","HDFCMOMENT","HDFCAMC - HDFCMOMENT","EQ","1.0000","1","ETF","E","NSE","45.3700","30.2400","","","935657"
"10619","HDFCNEXT50","HDFCAMC - HDFCNEXT50","EQ","1.0000","1","ETF","E","NSE","93.3300","62.2200","","","437291"
"11547","HDFCLOWVOL","HDFCAMC - HDFCLOWVOL","EQ","1.0000","1","ETF","E","NSE","26.0100","17.3400","","","576312"
"19640","ALPHAETF","MIRAEAMC - ALPHAETF","EQ","1.0000","1","ETF","E","NSE","34.6400","23.0900","","","3469379"
"19633","ITETF","MIRAEAMC - ITETF","EQ","1.0000","1","ETF","E","NSE","51.2000","34.1300","","","949108"
"19705","LIQUIDSBI","SBIAMC - LIQUIDSBI","EQ","1.0000","1","ETF","E","NSE","1200.0000","800.0000","","","39756"
"19933","EGOLD","EDELAMC - EGOLD","EQ","5.0000","1","ETF","E","NSE","91.9500","61.3500","","","279507"
"20257","ESILVER","EDELAMC - ESILVER","EQ","1.0000","1","ETF","E","NSE","109.5800","73.0500","","","238612"
"544043","BBNPPGOLD","BARODA BNP PARIBAS MUTUAL FUND","E","1.0000","1","ETF","E","BSE","89.0200","59.3500","","","-1"
"20547","BBNPPGOLD","BARODABNP - BBNPPGOLD","EQ","5.0000","1","ETF","E","NSE","89.0000","59.4000","","","316512"
"21428","TATSILV","TATAAML-TATSILV","EQ","1.0000","1","ETF","E","NSE","10.6400","7.0900","","","3696807"
"21401","TATAGOLD","TATAAML-TATAGOLD","EQ","1.0000","1","ETF","E","NSE","8.8900","5.9200","","","8365613"
"21750","LIQUIDCASE","ZERODHAAMC - LIQUIDCASE","EQ","1.0000","1","ETF","E","NSE","125.4900","83.6600","","","956836"
"21986","BANKBETF","BFAM - BANKBETF","EQ","1.0000","1","ETF","E","NSE","63.9900","42.6600","","","1836516"
"21959","NIFTYBETF","BFAM - NIFTYBETF","EQ","1.0000","1","ETF","E","NSE","312.1400","208.0900","","","207992"
"22488","NIFITETF","UTIAMC - NIFITETF","EQ","1.0000","1","ETF","E","NSE","508.1400","338.7600","","","4490"
"22524","NIF10GETF","UTIAMC - NIF10GETF","EQ","1.0000","1","ETF","E","NSE","29.0500","19.3600","","","16143"
"22521","NIF5GETF","UTIAMC - NIF5GETF","EQ","1.0000","1","ETF","E","NSE","70.1800","46.7900","","","4692"
"11593","HDFCSENSEX","HDFCSENSEX","EQ","1.0000","1","ETF","E","NSE","112.4400","74.9600","","","1056212"
"12101","HDFCNIFIT","HDFCAMC - HDFCNIFIT","EQ","1.0000","1","ETF","E","NSE","51.6900","34.4600","","","1113325"
"22433","HDFCNIFBAN","HDFCNIFBAN","EQ","1.0000","1","ETF","E","NSE","64.8300","43.2200","","","1811745"
"12108","HDFCPVTBAN","HDFCAMC - HDFCPVTBAN","EQ","1.0000","1","ETF","E","NSE","32.1800","21.4500","","","3640181"
"22592","HEALTHADD","DSPAMC - HEALTHADD","EQ","1.0000","1","ETF","E","NSE","177.5800","118.3900","","","24029"
"22595","HDFCPSUBK","HDFCAMC HDFCPSUBK","EQ","1.0000","1","ETF","E","NSE","81.5200","54.3500","","","135455"
"22722","LICNMID100","LICNAMC - LICNMID100","EQ","1.0000","1","ETF","E","NSE","72.1500","48.1000","","","1652039"
"22832","SMALLCAP","MIRAEAMC - SMALLCAP","EQ","1.0000","1","ETF","E","NSE","63.7500","42.5000","","","1874045"
"17475","NV20IETF","ICICI Prudential NV20 ETF","EQ","1.0000","1","ETF","E","NSE","19.3500","12.9000","","","3420518"
"7844","AUTOIETF","ICICIPRAMC - ICICIAUTO","EQ","1.0000","1","ETF","E","NSE","33.1200","22.0800","","","1199275"
"22901","GOLDCASE","ZERODHAAMC - GOLDCASE","EQ","1.0000","1","ETF","E","NSE","14.4100","9.6000","","","2204518"
"21254","LOWVOLIETF","ICICI Pru Nifty Low 30 ETF","EQ","1.0000","1","ETF","E","NSE","28.0000","18.6700","","","4272747"
"11386","PVTBANIETF","ICICI Pru Private Banks ETF","EQ","1.0000","1","ETF","E","NSE","31.9000","21.2700","","","3671521"
"544132","GOLDCASE","Zerodha Mutual Fund","E","1.0000","1","ETF","E","BSE","14.4100","9.6000","","","-1"
"23184","MOREALTY","MOTILALAMC - MOREALTY","EQ","1.0000","1","ETF","E","NSE","131.9100","87.9400","","","177886"
"23181","MOSMALL250","MOTILALAMC - MOSMALL250","EQ","1.0000","1","ETF","E","NSE","22.1000","14.7300","","","1785418"
"23407","LIQUIDADD","DSPAMC - LIQUIDADD","EQ","1.0000","1","ETF","E","NSE","1239.8400","826.5600","","","96860"
"22344","ALPL30IETF","ICICI Prudential Alpha Low ETF","EQ","1.0000","1","ETF","E","NSE","38.4200","25.6100","","","3126890"
"17152","MIDCAPIETF","ICICI Pru Midcap 150 ETF","EQ","1.0000","1","ETF","E","NSE","27.4500","18.3000","","","4361094"
"17702","MIDSELIETF","ICICI Prudential Midcap ETF","EQ","1.0000","1","ETF","E","NSE","22.6500","15.1000","","","1286570"
"5306","FMCGIETF","ICICI Prud FMCG ETF","EQ","1.0000","1","ETF","E","NSE","82.3800","54.9200","","","1456855"
"30392","NIF100IETF","ICICI Prudential Nifty 100 ETF","EQ","1.0000","1","ETF","E","NSE","35.5900","23.7200","","","1097318"
"17808","QUAL30IETF","ICICIPRAMC - ICICIQTY30","EQ","1.0000","1","ETF","E","NSE","28.3500","18.9000","","","1322876"
"23806","ABSLPSE","BIRLASLAMC-ABSLPSE","EQ","1.0000","1","ETF","E","NSE","13.6000","9.0700","","","1020272"
"23855","MIDSMALL","MIRAEAMC - MIDSMALL","EQ","1.0000","1","ETF","E","NSE","65.5200","43.6800","","","1594667"
"23915","LIQUIDBETF","BFAM - LIQUIDBETF","EQ","1.0000","1","ETF","E","NSE","1200.0000","800.0000","","","3644"
"24081","TOP100CASE","ZERODHAAMC - TOP100CASE","EQ","1.0000","1","ETF","E","NSE","13.2800","8.8500","","","624176"
"24077","MID150CASE","ZERODHAAMC - MID150CASE","EQ","1.0000","1","ETF","E","NSE","13.2100","8.8000","","","679115"
"24117","BBNPNBETF","BARODABNP - BBNPNBETF","EQ","1.0000","1","ETF","E","NSE","63.5100","42.3400","","","64979"
"544206","SBISILVER","SBI Mutual Fund","E","1.0000","1","ETF","E","BSE","107.3000","71.5300","","","-1"
"24366","SBISILVER","SBIAMC - SBISILVER","EQ","1.0000","1","ETF","E","NSE","107.3000","71.5300","","","80477"
"24374","LIQUIDSHRI","SHRIRAM - LIQUIDSHRI","EQ","1.0000","1","ETF","E","NSE","1218.1400","812.0900","","","5855"
"24404","ABGSEC","BIRLASLAMC - ABGSEC","EQ","1.0000","1","ETF","E","NSE","123.9900","82.6600","","","136655"
"24461","EVINDIA","MIRAEAMC - EVINDIA","EQ","1.0000","1","ETF","E","NSE","41.9200","27.9500","","","1294422"
"24524","SBINEQWETF","SBIAMC - SBINEQWETF","EQ","1.0000","1","ETF","E","NSE","40.0600","26.7100","","","200843"
"24533","OILIETF","ICICIPRAMC - OILIETF","EQ","1.0000","1","ETF","E","NSE","15.7200","10.4800","","","1525068"
"24798","GROWWEV","GROWWAMC - GROWWEV","EQ","1.0000","1","ETF","E","NSE","41.8600","27.9100","","","1807869"
"24847","GSEC10ABSL","BIRLASLAMC - GSEC10ABSL","EQ","1.0000","1","ETF","E","NSE","122.1600","81.4400","","","55657"
"24861","METALIETF","ICICIPRAMC - METALIETF","EQ","1.0000","1","ETF","E","NSE","12.2200","8.1500","","","1132119"
"24944","MODEFENCE","MOTILALAMC - MODEFENCE","EQ","1.0000","1","ETF","E","NSE","87.4900","58.3200","","","124258"
"25080","MULTICAP","MIRAEAMC - MULTICAP","EQ","1.0000","1","ETF","E","NSE","20.2800","13.5200","","","610805"
"25171","TOP10ADD","DSPAMC - TOP10ADD","EQ","1.0000","1","ETF","E","NSE","117.5800","78.3900","","","115512"
"25258","EBANKNIFTY","EDELAMC - EBANKNIFTY","EQ","1.0000","1","ETF","E","NSE","63.5200","42.3500","","","163219"
"25447","GROWWLIQID","GROWWAMC - GROWWLIQID","EQ","1.0000","1","ETF","E","NSE","120.2100","80.1400","","","105387"
"25606","MOMENTUM50","MOTILALAMC - MOMENTUM50","EQ","1.0000","1","ETF","E","NSE","76.6500","51.1000","","","-1"
